"index","title","year","doi","landing_url","container","pdf_url","pdf_file","status","source","error"
"1","Health-optimal routing in pedestrian navigation services","2012","10.1145/2452516.2452518","https://doi.org/10.1145/2452516.2452518","Proceedings of the First ACM SIGSPATIAL International Workshop on Use of GIS in Public Health","","D:\SJTU\交大\揭榜挂帅\AI_Scientist\zjx_xuhui_route_papers\pdf\01_Health-optimal routing in pedestrian navigation services.pdf","downloaded_pdf_manual","openalex",""
"2","Computing least air pollution exposure routes","2013","10.1080/13658816.2013.841317","https://doi.org/10.1080/13658816.2013.841317","International Journal of Geographical Information Science","","","no_open_pdf_found","openalex",""
"3","A web-based route planning tool to reduce cyclists' exposures to traffic pollution: A case study in Montreal, Canada","2013","10.1016/j.envres.2013.03.004","https://doi.org/10.1016/j.envres.2013.03.004","Environmental Research","https://www.ovid.com/journals/envres/pdf/10.1016/j.envres.2013.03.004~a-web-based-route-planning-tool-to-reduce-cyclists-exposures","","direct_download_not_pdf","direct_web_search","direct file not valid pdf or too small: 143611 bytes"
"4","Reducing pedestrians' inhalation of traffic-related air pollution through route choices: Case study in California suburb","2018","10.1016/j.jth.2018.06.008","https://doi.org/10.1016/j.jth.2018.06.008","Journal of Transport &amp; Health","https://escholarship.org/content/qt9733c39m/qt9733c39m_noSplash_af9551ceebd8963077ff032bf009443f.pdf?t=ps0b6c","D:\SJTU\交大\揭榜挂帅\AI_Scientist\zjx_xuhui_route_papers\pdf\04_Reducing pedestrians inhalation of traffic-related air pollution through route choices Case study in California suburb.pdf","downloaded_pdf_manual","direct_web_search",""
"5","Healthier routes planning: A new method and online implementation for minimizing air pollution exposure risk","2020","10.1016/j.compenvurbsys.2019.101456","https://doi.org/10.1016/j.compenvurbsys.2019.101456","Computers, Environment and Urban Systems","","D:\SJTU\交大\揭榜挂帅\AI_Scientist\zjx_xuhui_route_papers\pdf\05_Healthier routes planning A new method and online implementation for minimizing air pollution exposure risk.pdf","downloaded_pdf_manual","openalex",""
"6","Route planning for active travel considering air pollution exposure","2022","10.1016/j.trd.2022.103176","https://doi.org/10.1016/j.trd.2022.103176","Transportation Research Part D: Transport and Environment","","D:\SJTU\交大\揭榜挂帅\AI_Scientist\zjx_xuhui_route_papers\pdf\06_Route planning for active travel considering air pollution exposure.pdf","downloaded_pdf_manual","openalex",""
"7","A proper choice of route significantly reduces air pollution exposure — A study on bicycle and bus trips in urban streets","2008","10.1016/j.scitotenv.2007.08.058","https://doi.org/10.1016/j.scitotenv.2007.08.058","Science of The Total Environment","","D:\SJTU\交大\揭榜挂帅\AI_Scientist\zjx_xuhui_route_papers\pdf\07_A proper choice of route significantly reduces air pollution exposure — A study on bicycle and bus trips in urban streets.pdf","downloaded_pdf_manual","openalex",""
"8","Bicycle route preference and pollution inhalation dose: Comparing exposure and distance trade-offs","2016","10.1016/j.jth.2015.12.002","https://doi.org/10.1016/j.jth.2015.12.002","Journal of Transport &amp; Health","https://civil-reactlab.sites.olt.ubc.ca/files/2022/11/Bigazzi_2016_Bicycle-route-preference-and-pollution-inhalation-dose-Comparing-exposure-and-distance-trade-offs.pdf","D:\SJTU\交大\揭榜挂帅\AI_Scientist\zjx_xuhui_route_papers\pdf\08_Bicycle route preference and pollution inhalation dose Comparing exposure and distance trade-offs.pdf","downloaded_pdf","direct_web_search",""
"9","Supporting healthy route choice for commuter cyclists: The trade-off between travel time and pollutant dose","2018","10.1016/j.orhc.2018.04.001","https://doi.org/10.1016/j.orhc.2018.04.001","Operations Research for Health Care","https://eprints.lancs.ac.uk/id/eprint/125230/1/HealthRouteChoiceORHCRevised2.pdf","D:\SJTU\交大\揭榜挂帅\AI_Scientist\zjx_xuhui_route_papers\pdf\09_Supporting healthy route choice for commuter cyclists The trade-off between travel time and pollutant dose.pdf","downloaded_pdf","unpaywall",""
"10","Quantifying the value of a clean ride: How far would you bicycle to avoid exposure to traffic-related air pollution?","2017","10.1016/j.tra.2017.08.017","https://doi.org/10.1016/j.tra.2017.08.017","Transportation Research Part A: Policy and Practice","https://stars.library.ucf.edu/scopus2015/6116","","downloaded_not_pdf_or_too_small","unpaywall","downloaded file is not valid pdf or too small: 34878 bytes"
"11","Cyclists exposure to atmospheric and noise pollution","","10.1080/01441647.2021.1895361","","","https://www.tandfonline.com/doi/pdf/10.1080/01441647.2021.1895361?needAccess=true","","download_failed","unpaywall","远程服务器返回错误: (403) 已禁止。"
"12","Cyclists’ exposure to air pollution, noise, and greenery: a population-level spatial analysis approach","2023","10.1186/s12942-023-00326-7","https://doi.org/10.1186/s12942-023-00326-7","International Journal of Health Geographics","https://helda.helsinki.fi/server/api/core/bitstreams/0c01e984-9e6d-4684-a821-f9101823887f/content","D:\SJTU\交大\揭榜挂帅\AI_Scientist\zjx_xuhui_route_papers\pdf\12_Cyclists’ exposure to air pollution, noise, and greenery a population-level spatial analysis approach.pdf","downloaded_pdf","direct_web_search",""
"13","The Green Paths Route Planning Software for Exposure-Optimised Active Travel","2023","10.5334/jors.400","https://doi.org/10.5334/jors.400","Journal of Open Research Software","https://storage.googleapis.com/jnl-up-j-jors-files/journals/1/articles/400/65292350bad29.pdf","D:\SJTU\交大\揭榜挂帅\AI_Scientist\zjx_xuhui_route_papers\pdf\13_The Green Paths Route Planning Software for Exposure-Optimised Active Travel.pdf","downloaded_pdf","unpaywall",""
"14","The shortest path to happiness","2014","10.1145/2631775.2631799","https://doi.org/10.1145/2631775.2631799","Proceedings of the 25th ACM conference on Hypertext and social media","https://arxiv.org/pdf/1407.1031","D:\SJTU\交大\揭榜挂帅\AI_Scientist\zjx_xuhui_route_papers\pdf\14_The shortest path to happiness.pdf","downloaded_pdf","direct_web_search",""
"15","R-ALERGO: allergy-healthy routes in Valencia","","10.1016/j.gaceta.2015.11.003","","","https://www.sciencedirect.com/science/article/pii/S021391111500240X/pdfft?isDTMRedir=true&download=true","","direct_download_failed","direct_web_search","请求被中止: 连接被意外关闭。"
"16","Reducing Individual Heat Stress through Path Planning","2017","10.1553/giscience2017_01_s327","https://doi.org/10.1553/giscience2017_01_s327","GI_Forum","https://austriaca.at/0xc1aa5576_0x00369db1.pdf","D:\SJTU\交大\揭榜挂帅\AI_Scientist\zjx_xuhui_route_papers\pdf\16_Reducing Individual Heat Stress through Path Planning.pdf","downloaded_pdf","unpaywall",""
"17","A Context-Aware Running Route Recommender","","10.1109/DEXA.2012.49","","","","","no_open_pdf_found","openalex",""
"18","Evaluating an Itinerary Recommendation Algorithm for Runners","","10.1145/3411763.3451707","","","","","no_open_pdf_found","openalex",""
"19","FlexNav: Flexible Navigation and Exploration through Connected Runnable Zones","2022","10.1145/3491102.3502051","https://doi.org/10.1145/3491102.3502051","CHI Conference on Human Factors in Computing Systems","","D:\SJTU\交大\揭榜挂帅\AI_Scientist\zjx_xuhui_route_papers\pdf\19_FlexNav Flexible Navigation and Exploration through Connected Runnable Zones.pdf","downloaded_pdf_manual","openalex",""
"20","The experience of running: Recommending routes using sensory mapping in urban environments","","10.1016/j.ijhcs.2025.103512","","","https://researchswinger.org/publications/experience05.pdf","D:\SJTU\交大\揭榜挂帅\AI_Scientist\zjx_xuhui_route_papers\pdf\20_10.1016_j.ijhcs.2025.103512.pdf","downloaded_pdf","direct_web_search",""
"21","Multiobjective A* search with consistent heuristics","2008","10.1145/1754399.1754400","https://doi.org/10.1145/1754399.1754400","Journal of the ACM","","","no_open_pdf_found","openalex",""
"22","Urban navigation beyond shortest route: The case of safe paths","","10.1016/j.is.2015.10.005","","","https://www.sciencedirect.com/science/article/am/pii/S0306437915001854","","direct_download_failed","direct_web_search","请求被中止: 连接被意外关闭。"
"23","User Preferences and the Shortest Path","","10.4230/LIPIcs.GIScience.2021.II.11","","","https://drops.dagstuhl.de/storage/00lipics/lipics-vol208-giscience2021/LIPIcs.GIScience.2021.II.11/LIPIcs.GIScience.2021.II.11.pdf","D:\SJTU\交大\揭榜挂帅\AI_Scientist\zjx_xuhui_route_papers\pdf\23_10.4230_LIPIcs.GIScience.2021.II.11.pdf","downloaded_pdf","direct_web_search",""
"24","Health-oriented routes for active mobility","2022","10.1016/j.jth.2022.101410","https://doi.org/10.1016/j.jth.2022.101410","Journal of Transport &amp; Health","https://repositorio.lnec.pt/xmlui/bitstream/handle/123456789/1019467/Health-oriented%20routes%20for%20active%20mobility.pdf?isAllowed=y&sequence=2","D:\SJTU\交大\揭榜挂帅\AI_Scientist\zjx_xuhui_route_papers\pdf\24_Health-oriented routes for active mobility.pdf","downloaded_pdf","direct_web_search",""
